reference,small_molecule_name,surfactant_name,solvent,polymer_MW,LA/GA,drug/polymer,surfactant_concentration,aqueous/organic,pH,particle_size,EE,LC
10.1016/j.nano.2009.10.004,sparfloxacin,PVA,acetone,14,1,1,1.5,4,0,210,25.18,20.12
10.1016/j.nano.2009.10.004,sparfloxacin,PVA,acetone,14,1,0.5,1.5,4,0,198,44.83,18.31
10.1016/j.nano.2009.10.004,sparfloxacin,PVA,acetone,14,1,0.2,1.5,4,0,190,51.83,9.39
10.1016/j.nano.2009.10.004,sparfloxacin,PVA,acetone,14,1,0.1,1.5,4,0,181,86.6,7.97
10.1016/j.nano.2009.10.004,sparfloxacin,PVA,acetone,14,1,0.05,1.5,4,0,232,60.6,2.94
10.1208/s12249-015-0294-0,diazepam,poloxamer407,acetone,45,1,0.029,0.2,4,0,214,82,2.29
10.1208/s12249-015-0294-0,diazepam,poloxamer407,acetone,45,1,0.143,0.2,4,0,211,88,11.17
10.1208/s12249-015-0294-0,diazepam,poloxamer407,acetone,45,1,0.3,0.85,6,0,176,77,18.77
10.1208/s12249-015-0294-0,diazepam,poloxamer407,acetone,45,1,0.029,0.85,2,0,194,81,2.26
10.1208/s12249-015-0294-0,diazepam,poloxamer407,acetone,45,1,0.3,0.2,4,0,190,82,19.74
10.1208/s12249-015-0294-0,diazepam,poloxamer407,acetone,45,1,0.5,0.85,4,0,148,84,29.58
10.1208/s12249-015-0294-0,diazepam,poloxamer407,acetone,45,1,0.3,0.85,2,0,169,82,19.74
10.1208/s12249-015-0294-0,diazepam,poloxamer407,acetone,45,1,0.086,0.85,4,0,183,84,6.72
10.1208/s12249-015-0294-0,diazepam,poloxamer407,acetone,45,1,0.017,0.85,4,0,286,87,1.43
10.1208/s12249-015-0294-0,diazepam,poloxamer407,acetone,45,1,0.143,1.5,4,0,180,86,10.94
10.1208/s12249-015-0294-0,diazepam,poloxamer407,acetone,45,1,0.3,1.5,4,0,163,79,19.16
10.1208/s12249-015-0294-0,diazepam,poloxamer407,acetone,45,1,0.05,0.2,4,0,337,92,4.4
10.1208/s12249-015-0294-0,diazepam,poloxamer407,acetone,45,1,0.086,1.5,6,0,175,85,6.79
10.1208/s12249-015-0294-0,diazepam,poloxamer407,acetone,45,1,0.05,1.5,4,0,226,86,4.12
10.1208/s12249-015-0294-0,diazepam,poloxamer407,acetone,45,1,0.05,0.85,2,0,257,88,4.21
10.1208/s12249-015-0294-0,diazepam,poloxamer407,acetone,45,1,0.029,1.5,4,0,169,76,2.13
10.1208/s12249-015-0294-0,diazepam,poloxamer407,acetone,45,1,0.086,0.2,2,0,201,89,7.09
10.1208/s12249-015-0294-0,diazepam,poloxamer407,acetone,45,1,0.083,0.85,4,0,276,92,7.12
10.1208/s12249-015-0294-0,diazepam,poloxamer407,acetone,45,1,0.143,0.85,2,0,177,87,11.05
10.1208/s12249-015-0294-0,diazepam,poloxamer407,acetone,45,1,0.1,0.85,4,0,149,69,6.45
10.1208/s12249-015-0294-0,diazepam,poloxamer407,acetone,45,1,0.029,0.85,6,0,180,73,2.04
10.1208/s12249-015-0294-0,diazepam,poloxamer407,acetone,45,1,0.086,0.2,6,0,258,91,7.24
10.1208/s12249-015-0294-0,diazepam,poloxamer407,acetone,45,1,0.143,0.85,6,0,189,89,11.28
10.1208/s12249-015-0294-0,diazepam,poloxamer407,acetone,45,1,0.086,1.5,2,0,174,88,7.01
10.1208/s12249-015-0294-0,diazepam,poloxamer407,acetone,45,1,0.05,0.85,6,0,298,91,4.35
10.1208/s12249-015-0294-0,diazepam,poloxamer407,acetone,45,1,0.086,0.85,4,0,183,84,6.72
10.1016/j.ejpb.2010.07.007,rivastigmine-tartrate,poloxamer407,acetone,12,1,0.3,0.5,4,1,100.4,71.53,17.67
10.1016/j.ejpb.2010.07.007,rivastigmine-tartrate,poloxamer407,acetone,12,1,0.3,0.5,2.86,1,91.6,69.86,17.33
10.1016/j.ejpb.2010.07.007,rivastigmine-tartrate,poloxamer407,acetone,12,1,0.3,0.5,2,1,85.5,67.39,16.82
10.1016/j.ejpb.2010.07.007,rivastigmine-tartrate,poloxamer407,acetone,12,1,0.2,0.5,4,1,121.7,72.65,12.69
10.1016/j.ejpb.2010.07.007,rivastigmine-tartrate,poloxamer407,acetone,12,1,0.2,0.5,2.86,1,113.8,71.42,12.5
10.1016/j.ejpb.2010.07.007,rivastigmine-tartrate,poloxamer407,acetone,12,1,0.2,0.5,2,1,101.4,68.21,12
10.1016/j.ejpb.2010.07.007,rivastigmine-tartrate,poloxamer407,acetone,12,1,0.15,0.5,4,1,132,74.19,10.01
10.1016/j.ejpb.2010.07.007,rivastigmine-tartrate,poloxamer407,acetone,12,1,0.15,0.5,2.86,1,119.5,73.76,9.96
10.1016/j.ejpb.2010.07.007,rivastigmine-tartrate,poloxamer407,acetone,12,1,0.15,0.5,2,1,108.2,70.66,9.58
10.1016/j.ejpb.2010.07.007,rivastigmine-tartrate,poloxamer407,acetone,12,1,0.3,1,4,1,111.2,72.27,17.82
10.1016/j.ejpb.2010.07.007,rivastigmine-tartrate,poloxamer407,acetone,12,1,0.3,1,2.86,1,103.5,71.64,17.69
10.1016/j.ejpb.2010.07.007,rivastigmine-tartrate,poloxamer407,acetone,12,1,0.3,1,2,1,94.9,68.34,17.01
10.1016/j.ejpb.2010.07.007,rivastigmine-tartrate,poloxamer407,acetone,12,1,0.2,1,4,1,129.7,73.23,12.77
10.1016/j.ejpb.2010.07.007,rivastigmine-tartrate,poloxamer407,acetone,12,1,0.2,1,2.86,1,118.6,72.19,12.62
10.1016/j.ejpb.2010.07.007,rivastigmine-tartrate,poloxamer407,acetone,12,1,0.2,1,2,1,110.3,69.61,12.22
10.1016/j.ejpb.2010.07.007,rivastigmine-tartrate,poloxamer407,acetone,12,1,0.15,1,4,1,159.2,75.64,10.19
10.1016/j.ejpb.2010.07.007,rivastigmine-tartrate,poloxamer407,acetone,12,1,0.15,1,2.86,1,143.2,75.08,10.12
10.1016/j.ejpb.2010.07.007,rivastigmine-tartrate,poloxamer407,acetone,12,1,0.15,1,2,1,135.6,74.46,10.05
10.1016/j.ejpb.2010.07.007,rivastigmine-tartrate,poloxamer407,acetone,12,1,0.3,1.5,4,1,132.5,73.12,17.99
10.1016/j.ejpb.2010.07.007,rivastigmine-tartrate,poloxamer407,acetone,12,1,0.3,1.5,2.86,1,125.7,70.15,17.39
10.1016/j.ejpb.2010.07.007,rivastigmine-tartrate,poloxamer407,acetone,12,1,0.3,1.5,2,1,110.6,68.81,17.11
10.1016/j.ejpb.2010.07.007,rivastigmine-tartrate,poloxamer407,acetone,12,1,0.2,1.5,4,1,143.8,74.26,12.93
10.1016/j.ejpb.2010.07.007,rivastigmine-tartrate,poloxamer407,acetone,12,1,0.2,1.5,2.86,1,131.5,73.15,12.76
10.1016/j.ejpb.2010.07.007,rivastigmine-tartrate,poloxamer407,acetone,12,1,0.2,1.5,2,1,119.6,70.85,12.41
10.1016/j.ejpb.2010.07.007,rivastigmine-tartrate,poloxamer407,acetone,12,1,0.15,1.5,4,1,168.4,76.24,10.26
10.1016/j.ejpb.2010.07.007,rivastigmine-tartrate,poloxamer407,acetone,12,1,0.15,1.5,2.86,1,154.1,75.31,10.15
10.1016/j.ejpb.2010.07.007,rivastigmine-tartrate,poloxamer407,acetone,12,1,0.15,1.5,2,1,140.8,74.79,10.09
10.1002/jps.21383,flurbiprofen,poloxamer188,acetone,98,3,0.417,0.02,2,-2,232.8,94.6,28.27
10.1002/jps.21383,flurbiprofen,poloxamer188,acetone,98,3,0.083,0.02,2,-2,209.9,85.94,6.68
10.1002/jps.21383,flurbiprofen,poloxamer188,acetone,98,3,0.083,0.04,2,-2,265.1,84.7,6.59
10.1039/c7bm01206c,docetaxel,TPGS,acetone,25,3,0.1,0.03,12.5,0,130.7,80.5,9.27
10.1155/2014/156010,lorazepam,poloxamer407,acetone,45,1,0.029,0.2,6,0,211,70,1.96
10.1155/2014/156010,lorazepam,poloxamer407,acetone,45,1,0.143,0.2,6,0,220,88.48,11.22
10.1155/2014/156010,lorazepam,poloxamer407,acetone,45,1,0.3,0.85,10,0,176,83,19.94
10.1155/2014/156010,lorazepam,poloxamer407,acetone,45,1,0.029,0.85,2,0,177,71,1.99
10.1155/2014/156010,lorazepam,poloxamer407,acetone,45,1,0.3,0.2,6,0,205,81,19.55
10.1155/2014/156010,lorazepam,poloxamer407,acetone,45,1,0.5,0.85,6,0,177,83.5,29.45
10.1155/2014/156010,lorazepam,poloxamer407,acetone,45,1,0.3,0.85,2,0,184,75,18.37
10.1155/2014/156010,lorazepam,poloxamer407,acetone,45,1,0.086,0.85,6,0,197,86.6,6.91
10.1155/2014/156010,lorazepam,poloxamer407,acetone,45,1,0.017,0.85,6,0,271,76,1.25
10.1155/2014/156010,lorazepam,poloxamer407,acetone,45,1,0.143,1.5,6,0,192,84.3,10.75
10.1155/2014/156010,lorazepam,poloxamer407,acetone,45,1,0.3,1.5,6,0,177,80,19.35
10.1155/2014/156010,lorazepam,poloxamer407,acetone,45,1,0.05,0.2,6,0,318,90.1,4.31
10.1155/2014/156010,lorazepam,poloxamer407,acetone,45,1,0.086,1.5,10,0,191,83.5,6.68
10.1155/2014/156010,lorazepam,poloxamer407,acetone,45,1,0.05,1.5,6,0,228,82,3.94
10.1155/2014/156010,lorazepam,poloxamer407,acetone,45,1,0.05,0.85,2,0,241,88,4.21
10.1155/2014/156010,lorazepam,poloxamer407,acetone,45,1,0.029,1.5,6,0,182.5,66.4,1.86
10.1155/2014/156010,lorazepam,poloxamer407,acetone,45,1,0.086,0.2,2,0,215,87.83,7
10.1155/2014/156010,lorazepam,poloxamer407,acetone,45,1,0.083,0.85,6,0,261,89,6.9
10.1155/2014/156010,lorazepam,poloxamer407,acetone,45,1,0.143,0.85,2,0,193,88,11.17
10.1155/2014/156010,lorazepam,poloxamer407,acetone,45,1,0.1,0.85,6,0,167,65.5,6.15
10.1155/2014/156010,lorazepam,poloxamer407,acetone,45,1,0.029,0.85,10,0,192,69,1.93
10.1155/2014/156010,lorazepam,poloxamer407,acetone,45,1,0.086,0.2,10,0,241,88,7.01
10.1155/2014/156010,lorazepam,poloxamer407,acetone,45,1,0.143,0.85,10,0,202,87,11.05
10.1155/2014/156010,lorazepam,poloxamer407,acetone,45,1,0.086,1.5,2,0,186,84,6.72
10.1155/2014/156010,lorazepam,poloxamer407,acetone,45,1,0.05,0.85,10,0,283,88,4.21
10.1155/2014/156010,lorazepam,poloxamer407,acetone,45,1,0.086,0.85,6,0,193,85.12,6.8
10.1016/j.ejpb.2006.09.004,rubitecan,PVA,acetone,12,1,0.006,1.31,1.78,-2,207,33.5,0.34
10.1080/10717544.2016.1199605,lopinavir,poloxamer188,acetone,14,1,0.2,0.5,2,0,126.6,36.5,6.8
10.1080/10717544.2016.1199605,lopinavir,poloxamer188,acetone,14,1,0.2,0.75,2,0,131.3,29.4,5.55
10.1080/10717544.2016.1199605,lopinavir,poloxamer188,acetone,14,1,0.2,1,2,0,140.8,21.3,4.09
10.1080/10717544.2016.1199605,lopinavir,poloxamer188,acetone,14,1,0.1,0.5,2,0,127.3,50.9,4.84
10.1080/10717544.2016.1199605,lopinavir,poloxamer188,acetone,14,1,0.1,0.75,2,0,136.3,48.7,4.64
10.1080/10717544.2016.1199605,lopinavir,poloxamer188,acetone,14,1,0.1,1,2,0,139.7,38.2,3.68
10.1080/10717544.2016.1199605,lopinavir,poloxamer188,acetone,14,1,0.067,0.5,2,0,159.7,51.1,3.29
10.1080/10717544.2016.1199605,lopinavir,poloxamer188,acetone,14,1,0.067,0.75,2,0,163.5,57.3,3.68
10.1080/10717544.2016.1199605,lopinavir,poloxamer188,acetone,14,1,0.067,1,2,0,176.9,40.3,2.62
10.1080/10717544.2016.1199605,lopinavir,poloxamer188,acetone,14,1,0.3,0.5,2,0,144.1,61.6,15.6
10.1080/10717544.2016.1199605,lopinavir,poloxamer188,acetone,14,1,0.3,0.75,2,0,148.2,55.4,14.25
10.1080/10717544.2016.1199605,lopinavir,poloxamer188,acetone,14,1,0.3,1,2,0,152.6,47.4,12.45
10.1080/10717544.2016.1199605,lopinavir,poloxamer188,acetone,14,1,0.15,0.5,2,0,155.6,83.3,11.11
10.1080/10717544.2016.1199605,lopinavir,poloxamer188,acetone,14,1,0.15,0.75,2,0,159.6,73.2,9.89
10.1080/10717544.2016.1199605,lopinavir,poloxamer188,acetone,14,1,0.15,1,2,0,165.2,63.1,8.65
10.1080/10717544.2016.1199605,lopinavir,poloxamer188,acetone,14,1,0.1,0.5,2,0,162.6,91.4,8.37
10.1080/10717544.2016.1199605,lopinavir,poloxamer188,acetone,14,1,0.1,0.75,2,0,169.7,84.6,7.8
10.1080/10717544.2016.1199605,lopinavir,poloxamer188,acetone,14,1,0.1,1,2,0,173.8,77.5,7.19
10.1080/10717544.2016.1199605,lopinavir,poloxamer188,acetone,14,1,0.4,0.5,2,0,142.1,93.3,27.18
10.1080/10717544.2016.1199605,lopinavir,poloxamer188,acetone,14,1,0.4,0.75,2,0,163.3,91.4,26.77
10.1080/10717544.2016.1199605,lopinavir,poloxamer188,acetone,14,1,0.4,1,2,0,175.5,87.6,25.95
10.1080/10717544.2016.1199605,lopinavir,poloxamer188,acetone,14,1,0.2,0.5,2,0,214.8,95.7,16.07
10.1080/10717544.2016.1199605,lopinavir,poloxamer188,acetone,14,1,0.2,0.75,2,0,231.3,91.4,15.45
10.1080/10717544.2016.1199605,lopinavir,poloxamer188,acetone,14,1,0.2,1,2,0,233.6,75.3,13.09
10.1080/10717544.2016.1199605,lopinavir,poloxamer188,acetone,14,1,0.133,0.5,2,0,207.4,93.8,11.12
10.1080/10717544.2016.1199605,lopinavir,poloxamer188,acetone,14,1,0.133,0.75,2,0,237.1,85.1,10.19
10.1080/10717544.2016.1199605,lopinavir,poloxamer188,acetone,14,1,0.133,1,2,0,236.1,71.1,8.66
10.1080/09205063.2013.798880,ropinirole-hydrochloride,TPGS,acetone,57.5,1,0.25,0.16,4,0,220.7,57.06,8.69
10.1080/09205063.2013.798880,ropinirole-hydrochloride,TPGS,acetone,57.5,1,0.083,0.24,4,0,267.3,68.8,13.38
10.1080/09205063.2013.798880,ropinirole-hydrochloride,TPGS,acetone,57.5,1,0.25,0.24,4,0,194.6,52.5,14.43
10.1080/09205063.2013.798880,ropinirole-hydrochloride,TPGS,acetone,57.5,1,0.125,0.08,4,0,259.3,64.5,9.63
10.1080/09205063.2013.798880,ropinirole-hydrochloride,TPGS,acetone,57.5,1,0.125,0.24,4,0,231.1,63.8,16.76
10.1080/09205063.2013.798880,ropinirole-hydrochloride,TPGS,acetone,57.5,1,0.083,0.16,4,0,279.4,72.3,9.2
10.1080/09205063.2013.798880,ropinirole-hydrochloride,TPGS,acetone,57.5,1,0.25,0.08,4,0,227.5,48.9,12.39
10.1080/09205063.2013.798880,ropinirole-hydrochloride,TPGS,acetone,57.5,1,0.125,0.16,4,0,243.2,66.9,14.67
10.1080/09205063.2013.798880,ropinirole-hydrochloride,TPGS,acetone,57.5,1,0.083,0.08,4,0,331.6,65.7,13.49
10.1016/j.jddst.2019.101380,paclitaxel,PVA,acetone,26.5,1,0.05,1,2,0,223.4,82.1,3.94
10.1016/j.jddst.2019.101380,paclitaxel,PVA,acetone,26.5,1,0.02,1,2,0,218.6,87.8,1.73
10.1016/j.jddst.2019.101380,paclitaxel,PVA,acetone,26.5,1,0.02,1,4,0,302.9,80.4,1.58
10.1016/j.jddst.2019.101380,paclitaxel,PVA,acetone,26.5,1,0.1,1,2,0,266.8,80.1,7.42
10.1016/j.jddst.2019.101380,paclitaxel,PVA,acetone,26.5,1,0.04,1,2,0,201.9,85.5,3.31
10.1016/j.jddst.2019.101380,paclitaxel,PVA,acetone,26.5,1,0.04,1,4,0,246.2,80.2,3.11
10.1016/j.colsurfb.2010.05.027,azithromycin,PVA,acetone,12,1,0.333,2,16,0,212,78.5,20.74
10.1016/j.colsurfb.2010.05.027,azithromycin,PVA,acetone,12,1,0.5,2,16,0,230,66.8,25.04
10.1016/j.colsurfb.2010.05.027,azithromycin,PVA,acetone,12,1,1,2,16,0,252,50.5,33.55
10.3390/nano11030749,rhodamine-B,poloxamer407,acetone,2.4,1,0.008,0.1,10,0,171.5,47,0.39
10.3390/nano11030749,rhodamine-B,poloxamer407,acetone,3.2,2.33,0.008,0.1,10,0,166.7,56,0.46
10.3390/nano11030749,rhodamine-B,poloxamer407,acetone,17,1,0.008,0.1,10,0,164.6,18,0.15
10.1007/s00396-016-4007-3,coumarin-6,none,acetone,60,1,0.002,0,2.5,0,61,52.3,0.1
10.1007/s00396-016-4007-3,coumarin-6,none,tetrahydrofuran,60,1,0.002,0,2.5,0,60,49.2,0.1
10.1007/s00396-016-4007-3,coumarin-6,none,acetone,60,1,0.005,0,2.5,0,51,25.5,0.12
10.1007/s00396-016-4007-3,coumarin-6,none,tetrahydrofuran,60,1,0.005,0,2.5,0,67,28,0.14
10.1007/s00396-016-4007-3,coumarin-6,none,acetone,60,1,0.05,0,2.5,0,54,3.8,0.19
10.1007/s00396-016-4007-3,coumarin-6,none,tetrahydrofuran,60,1,0.05,0,2.5,0,83,6.4,0.32
10.1007/s00396-016-4007-3,coumarin-6,none,acetone,60,1,0.005,0,2.5,0,51,25.5,0.12
10.1007/s00396-016-4007-3,coumarin-6,none,acetone,75,1.86,0.005,0,2.5,0,75,25.7,0.13
10.1007/s00396-016-4007-3,coumarin-6,none,acetone,75,5.67,0.005,0,2.5,0,99,30.1,0.15
10.1007/s00396-016-4007-3,coumarin-6,none,acetone,60,1,0.005,0,10,0,100,13.7,0.07
10.1007/s00396-016-4007-3,coumarin-6,none,acetone,60,1,0.005,0,2.5,0,68,7.4,0.04
10.1007/s00396-016-4007-3,coumarin-6,none,acetone,60,1,0.005,0,3.5,0,64,8.1,0.04
10.1007/s00396-016-4007-3,coumarin-6,none,acetone,60,1,0.005,0,2.5,0,51,25.5,0.12
10.1007/s00396-016-4007-3,coumarin-6,none,acetone,60,1,0.005,0,2,0,53,32.4,0.16
10.2147/IJN.S54040,itraconazole,poloxamer188,acetone,45,1,0.2,0.3,10,0,175,61,10.87
10.2147/IJN.S54040,itraconazole,poloxamer188,acetone,45,1,0.1,0.3,10,0,178,72,6.72
10.2147/IJN.S54040,itraconazole,poloxamer188,acetone,45,1,0.067,0.3,10,0,191,73,4.64
10.2147/IJN.S130908,rhodamine-123,PVA,acetone,12,1,0.05,1,3,0,234.8,55.3,2.69
10.2147/IJN.S130908,gatifloxacin,PVA,acetone,12,1,0.1,1,3,0,176.6,34.1,3.3
10.1177/0883911520913906,finasteride,poloxamer407,acetonitrile,90,3,0.1,0.5,10,0,355.68,80.56,7.46
10.1177/0883911520913906,finasteride,poloxamer407,acetonitrile,90,3,0.05,0.5,10,0,575.97,90.72,4.34
10.1177/0883911520913906,finasteride,poloxamer407,acetonitrile,90,3,0.033,0.5,10,0,1012.04,98.9,3.19
10.1177/0883911520913906,finasteride,poloxamer407,acetonitrile,90,3,0.1,0.25,10,0,229.1,92.06,8.43
10.1177/0883911520913906,finasteride,poloxamer407,acetonitrile,90,3,0.1,0.5,10,0,211.25,85.47,7.87
10.1177/0883911520913906,finasteride,poloxamer407,acetonitrile,90,3,0.1,1,10,0,365.62,80.28,7.43
10.1177/0883911520913906,finasteride,poloxamer407,acetonitrile,90,3,0.1,0.5,10,0,503.59,85.07,7.84
10.1177/0883911520913906,finasteride,poloxamer407,acetonitrile,90,3,0.1,0.5,10,0,447.96,90.52,8.3
10.1177/0883911520913906,finasteride,poloxamer407,acetonitrile,90,3,0.1,0.5,10,0,398.95,92.85,8.5
10.1007/s11095-014-1313-7,zinc-protoporphyrin,none,DMSO,48,1,0.175,0,5,0,113.5,64.3,9.59
10.1007/s11095-014-1313-7,zinc-protoporphyrin,none,DMSO,48,1,0.057,0,40,0,93.3,43,2.32
10.1007/s11095-014-1313-7,zinc-protoporphyrin,none,DMSO,48,1,0.1,0,22.5,0,103.5,48.7,4.43
10.1007/s11095-014-1313-7,zinc-protoporphyrin,none,DMSO,48,1,0.1,0,22.5,0,85.6,50.7,4.61
10.1007/s11095-014-1313-7,zinc-protoporphyrin,none,DMSO,48,1,0.25,0,22.5,0,90.3,33.4,6.68
10.1007/s11095-014-1313-7,zinc-protoporphyrin,none,DMSO,48,1,0.1,0,22.5,0,108.1,47.3,4.3
10.1007/s11095-014-1313-7,zinc-protoporphyrin,none,DMSO,48,1,0.175,0,40,0,78.3,33.9,5.04
10.1007/s11095-014-1313-7,zinc-protoporphyrin,none,DMSO,48,1,0.143,0,40,0,104.4,30.6,3.83
10.1007/s11095-014-1313-7,zinc-protoporphyrin,none,DMSO,48,1,0.07,0,40,0,92.2,56.3,3.68
10.1007/s11095-014-1313-7,zinc-protoporphyrin,none,DMSO,48,1,0.057,0,5,0,123.1,60.5,3.27
10.1007/s11095-014-1313-7,zinc-protoporphyrin,none,DMSO,48,1,0.04,0,22.5,0,105.2,71.5,2.75
10.1007/s11095-014-1313-7,zinc-protoporphyrin,none,DMSO,48,1,0.1,0,22.5,0,112.8,49.4,4.49
10.1007/s11095-014-1313-7,zinc-protoporphyrin,none,DMSO,48,1,0.1,0,22.5,0,108.2,60.6,5.5
10.1007/s11095-014-1313-7,zinc-protoporphyrin,none,DMSO,48,1,0.1,0,22.5,0,117.3,51.7,4.7
10.1007/s11095-014-1313-7,zinc-protoporphyrin,none,DMSO,48,1,0.07,0,5,0,125.9,79,5.16
10.1007/s11095-014-1313-7,zinc-protoporphyrin,none,DMSO,48,1,0.1,0,22.5,0,122.6,59,5.36
10.1007/s11095-014-1313-7,zinc-protoporphyrin,none,DMSO,48,1,0.143,0,5,0,125.8,50.4,6.3
10.1016/j.ijpharm.2021.120820,artemether,PVA,acetone,45,1,0.067,0.5,3,0,190.2,78.5,4.9
10.1016/j.ijpharm.2021.120820,artemether,PVA,acetone,45,1,0.067,1,3,0,214.3,80,5
10.1016/j.ijpharm.2021.120820,artemether,PVA,acetone,45,1,0.133,1,3,0,196.8,78.3,9.2
10.1016/j.ijpharm.2021.120820,artemether,PVA,acetone,45,1,0.133,0.5,3,0,245.5,80.6,9.5
10.1016/j.ijpharm.2021.120820,artemether,PVA,acetone,45,1,0.133,0.5,2,0,129.3,86.9,10.2
10.1002/jps.20685,flurbiprofen,poloxamer188,acetone,98,3,0.139,1,2,-2,245.2,92.07,11.34
10.1002/jps.20685,flurbiprofen,poloxamer188,acetone,98,3,0.139,1,2,-1,157.7,74.4,9.37
10.1002/jps.20685,flurbiprofen,poloxamer188,acetone,98,3,0.417,1,2,-2,232.8,94.6,28.27
10.1002/jps.20685,flurbiprofen,poloxamer188,acetone,98,3,0.417,1,2,-1,185.7,87.3,26.67
10.1002/jps.20685,flurbiprofen,poloxamer188,acetone,98,3,0.139,2,2,-1,286,97.53,11.93
10.1002/jps.20685,flurbiprofen,poloxamer188,acetone,98,3,0.139,2,2,-1,210.3,80.05,10.01
10.1002/jps.20685,flurbiprofen,poloxamer188,acetone,98,3,0.417,2,2,-2,277.6,93.55,28.05
10.1002/jps.20685,flurbiprofen,poloxamer188,acetone,98,3,0.417,2,2,-1,266.8,89.39,27.14
10.1002/jps.20685,flurbiprofen,poloxamer188,acetone,98,3,0.278,1.5,2,0,205.4,85.42,19.18
10.1002/jps.20685,flurbiprofen,poloxamer188,acetone,98,3,0.278,1.5,2,-2,247.9,94.16,20.73
10.1002/jps.20685,flurbiprofen,poloxamer188,acetone,98,3,0.511,1.5,2,-1,229.9,88.65,31.18
10.1002/jps.20685,flurbiprofen,poloxamer188,acetone,98,3,0.044,1.5,2,-1,223.7,89.62,3.83
10.1002/jps.20685,flurbiprofen,poloxamer188,acetone,98,3,0.278,2.34,2,-1,221.6,85.37,19.17
10.1002/jps.20685,flurbiprofen,poloxamer188,acetone,98,3,0.278,0.66,2,-1,185.1,84.74,19.05
10.1002/jps.20685,flurbiprofen,poloxamer188,acetone,98,3,0.278,1.5,2,-1,202.5,81.33,18.43
10.1002/jps.20685,flurbiprofen,poloxamer188,acetone,98,3,0.278,1.5,2,-1,204,80.68,18.31
10.1016/j.ijpharm.2016.11.012,5-fluorouracil,PVA,acetone,15.3,1,0.02,1,2,0,181.4,4.91,0.17
10.1016/j.ijpharm.2016.11.012,5-fluorouracil,PVA,acetone,15.3,1,0.06,1,2,0,184.9,7.03,0.89
10.1016/j.ijpharm.2016.11.012,5-fluorouracil,PVA,acetone,15.3,1,0.1,1,2,0,185.8,8.46,1.65
10.1016/j.ijpharm.2016.11.012,5-fluorouracil,PVA,acetone,15.3,1,0.16,1,2,0,187.6,8.57,2.83
10.1016/j.ijpharm.2016.11.012,5-fluorouracil,PVA,acetone,15.3,1,0.2,1,2,0,186.2,8.64,3.28
10.1016/j.ijpharm.2016.11.012,5-fluorouracil,PVA,acetone,15.3,1,0.24,1,2,0,188.4,8.64,4.4
10.1016/j.ijpharm.2016.11.012,5-fluorouracil,PVA,acetone,15.3,1,0.3,1,2,0,190.7,8.52,5.43
10.1111/1440-1681.13433,atractylodin,poloxamer407,acetone,12,1,0.04,1,7.5,0,214.5,68,2.7
10.1007/s13346-019-00622-5,lamotrigine,poloxamer407,acetone,45,1,0.1,1,5,0,184.6,84.87,10.21
10.1016/j.ijpharm.2020.119776,ropinirole,PVA,acetone,95.5,3,0.04,0.8,3,0,92.2,5.4,0.22
10.1089/jamp.2009.0759,salbutamol,none,acetone,12,1,0.053,0,5,0,127,25.2,1.3
10.1080/10717540802174662,etoposide,poloxamer188,acetone,10,1,0.1,1,2.5,0,91.8,57.64,1.04
10.1080/10717540802174662,etoposide,poloxamer188,acetone,10,1,0.1,1,2.5,0,103.7,66.11,1.14
10.1080/10717540802174662,etoposide,poloxamer188,acetone,10,1,0.1,1,2.5,0,105.1,78.99,1.45
10.1016/j.jddst.2020.102145,cefpodoxime-proxetil,poloxamer188,acetone,45,1,0.1,0.5,3.33,0,209.53,39.49,3.8
10.1016/j.jddst.2020.102145,cefpodoxime-proxetil,poloxamer188,acetone,45,1,0.05,0.5,3.33,0,189.4,30.68,1.51
10.1016/j.colsurfb.2019.01.012,ketoprofen ,poloxamer188,acetone,93,1.86,0.5,1,10,0,216,13.21,6.2
10.1016/j.colsurfb.2019.01.012,dl-α-tocopherol,poloxamer188,acetone,93,1.86,0.5,1,10,0,253,88.25,30.62
10.1016/j.colsurfb.2019.01.012,ketoprofen ,poloxamer188,acetone,69.9,3,0.5,1,10,0,207,7.91,3.8
10.1016/j.colsurfb.2019.01.012,dl-α-tocopherol,poloxamer188,acetone,69.9,3,0.5,1,10,0,257,90.28,31.1
10.1088/2053-1591/ab63f5,combretastatin-A4,none,acetone,12,1,0.02,0,2.5,0,117,31,0.61
10.1088/2053-1591/ab63f5,combretastatin-A4,none,acetone,12,1,0.01,0,2.5,0,198,32,0.41
10.1016/j.jddst.2019.01.010,methyl-4-hydroxybenzoate,poloxamer407,tetrahydrofuran,46,1,0.5,0.1,10,0,178,0.3,0.2
10.1016/j.jddst.2019.01.010,ethyl-4-hydroxybenzoate,poloxamer407,tetrahydrofuran,46,1,0.5,0.1,10,0,191,1.3,0.8
10.1016/j.jddst.2019.01.010,propyl-4-hydroxybenzoate,poloxamer407,tetrahydrofuran,46,1,0.5,0.1,10,0,184,2.2,1.3
10.1016/j.jddst.2019.01.010,butyl-4-hydroxybenzoate,poloxamer407,tetrahydrofuran,46,1,0.5,0.1,10,0,186,4.9,3.1
10.1016/j.jddst.2019.01.010,heptyl-4-hydroxybenzoate,poloxamer407,tetrahydrofuran,46,1,0.5,0.1,10,0,201,7.4,6.6
10.1016/j.jddst.2019.01.010,octyl-4-hydroxybenzoate,poloxamer407,tetrahydrofuran,46,1,0.5,0.1,10,0,176,12.3,8.9
10.1016/j.jddst.2022.103743,diosgenin,poloxamer188,acetonitrile,18,1,0.5,0.5,10,0,272.6,58.48,4.54
10.1016/j.jddst.2022.103743,diosgenin,poloxamer188,acetonitrile,18,1,0.333,0.5,10,0,147.98,78.68,8.38
10.1016/j.jddst.2022.103743,diosgenin,poloxamer188,acetonitrile,18,1,0.25,0.5,10,0,346.6,72.8,7.07
10.1111/iej.14072,clobetasol_propionate,polysorbate80,acetone,31,1,0.231,0.85,2,0,205.2,80.37,15.65
10.1111/iej.14072,clobetasol_propionate,polysorbate80,acetone,31,1,0.176,0.85,2,0,245.8,80.14,12.39
10.1111/iej.14072,clobetasol_propionate,polysorbate80,acetone,31,1,0.105,1,2,0,174.3,70.62,6.92
10.1111/iej.14072,clobetasol_propionate,polysorbate80,acetone,31,1,0.176,0.85,2,0,173.3,89.67,13.66
10.1111/iej.14072,clobetasol_propionate,polysorbate80,acetone,31,1,0.211,0.7,2,0,162,93.28,16.41
10.1111/iej.14072,clobetasol_propionate,polysorbate80,acetone,31,1,0.211,0.7,2,0,154.3,87.22,15.51
10.1111/iej.14072,clobetasol_propionate,polysorbate80,acetone,31,1,0.176,1.15,2,0,145.3,77,11.96
10.1111/iej.14072,clobetasol_propionate,polysorbate80,acetone,31,1,0.267,0.7,2,0,155,91.64,19.64
10.1111/iej.14072,clobetasol_propionate,polysorbate80,acetone,31,1,0.176,0.85,2,0,112.9,87.46,13.37
10.1111/iej.14072,clobetasol_propionate,polysorbate80,acetone,31,1,0.143,0.85,2,0,159.7,85.04,10.83
10.1111/iej.14072,clobetasol_propionate,polysorbate80,acetone,31,1,0.105,0.7,2,0,155.3,84.04,8.13
10.1111/iej.14072,clobetasol_propionate,polysorbate80,acetone,31,1,0.267,1,2,0,157.2,88.64,19.12
10.1111/iej.14072,clobetasol_propionate,polysorbate80,acetone,31,1,0.211,1,2,0,156.5,79.94,14.41
10.1111/iej.14072,clobetasol_propionate,polysorbate80,acetone,31,1,0.211,1,2,0,140.1,96.82,16.93
10.1111/iej.14072,clobetasol_propionate,polysorbate80,acetone,31,1,0.176,0.55,2,0,146.4,88.21,13.47
10.1111/iej.14072,clobetasol_propionate,polysorbate80,acetone,31,1,0.133,0.7,2,0,140,78.27,9.45
10.1111/iej.14072,clobetasol_propionate,polysorbate80,acetone,31,1,0.105,0.7,2,0,158.6,67.76,6.66
10.1111/iej.14072,clobetasol_propionate,polysorbate80,acetone,31,1,0.133,1,2,0,138.4,64.78,7.95
10.1111/iej.14072,clobetasol_propionate,polysorbate80,acetone,31,1,0.105,1,2,0,137.7,82.05,7.95
10.1111/iej.14072,clobetasol_propionate,polysorbate80,acetone,31,1,0.059,0.85,2,0,148.7,15.91,0.93
10.1111/iej.14072,clobetasol_propionate,polysorbate80,acetone,31,1,0.267,1,2,0,142.6,81.65,17.88
10.1111/iej.14072,clobetasol_propionate,polysorbate80,acetone,31,1,0.267,0.7,2,0,147.1,89.7,19.3
10.1111/iej.14072,clobetasol_propionate,polysorbate80,acetone,31,1,0.133,1,2,0,147.6,71.49,8.7
10.1111/iej.14072,clobetasol_propionate,polysorbate80,acetone,31,1,0.294,0.85,2,0,150.6,92.81,21.44
10.1111/iej.14072,clobetasol_propionate,polysorbate80,acetone,31,1,0.133,0.7,2,0,151.1,69.22,8.45
10.1111/iej.14072,clobetasol_propionate,polysorbate80,acetone,31,1,0.176,0.85,2,0,146.5,83.24,12.81
10.3109/10717544.2015.1039667,rapamycin,polysorbate20,acetone,40,1,0.1,2,10,0,151.65,74.25,6.91
10.3109/10717544.2015.1039667,piperine,polysorbate20,acetone,40,1,0.1,2,10,0,137.06,91.1,8.35
10.1208/s12249-014-0235-3,lamotrigine,PVA,acetone,12,1,0.2,0.5,4,0,142.7,64.14,11.37
10.1208/s12249-014-0235-3,lamotrigine,PVA,acetone,12,1,0.2,0.5,3.03,0,128.6,60.1,10.73
10.1208/s12249-014-0235-3,lamotrigine,PVA,acetone,12,1,0.2,0.5,2,0,114.3,58.59,10.49
10.1208/s12249-014-0235-3,lamotrigine,PVA,acetone,12,1,0.13,0.5,4,0,156.6,74.38,8.82
10.1208/s12249-014-0235-3,lamotrigine,PVA,acetone,12,1,0.13,0.5,3.03,0,146.7,72.74,8.64
10.1208/s12249-014-0235-3,lamotrigine,PVA,acetone,12,1,0.13,0.5,2,0,129.5,69.13,8.25
10.1208/s12249-014-0235-3,lamotrigine,PVA,acetone,12,1,0.1,0.5,4,0,170.7,83.36,7.69
10.1208/s12249-014-0235-3,lamotrigine,PVA,acetone,12,1,0.1,0.5,3.03,0,154.4,81.78,7.56
10.1208/s12249-014-0235-3,lamotrigine,PVA,acetone,12,1,0.1,0.5,2,0,143,79.17,7.34
10.1208/s12249-014-0235-3,lamotrigine,PVA,acetone,12,1,0.2,1,4,0,136.3,61.67,10.98
10.1208/s12249-014-0235-3,lamotrigine,PVA,acetone,12,1,0.2,1,3.03,0,122.3,57.93,10.38
10.1208/s12249-014-0235-3,lamotrigine,PVA,acetone,12,1,0.2,1,2,0,109.1,56.21,10.11
10.1208/s12249-014-0235-3,lamotrigine,PVA,acetone,12,1,0.13,1,4,0,148.6,73.59,8.73
10.1208/s12249-014-0235-3,lamotrigine,PVA,acetone,12,1,0.13,1,3.03,0,137.2,70.38,8.38
10.1208/s12249-014-0235-3,lamotrigine,PVA,acetone,12,1,0.13,1,2,0,122.7,68.65,8.19
10.1208/s12249-014-0235-3,lamotrigine,PVA,acetone,12,1,0.1,1,4,0,161.5,81.78,7.56
10.1208/s12249-014-0235-3,lamotrigine,PVA,acetone,12,1,0.1,1,3.03,0,149.7,80.59,7.46
10.1208/s12249-014-0235-3,lamotrigine,PVA,acetone,12,1,0.1,1,2,0,133.9,78.28,7.26
10.1208/s12249-014-0235-3,lamotrigine,PVA,acetone,12,1,0.2,1.5,4,0,129.5,57.9,10.38
10.1208/s12249-014-0235-3,lamotrigine,PVA,acetone,12,1,0.2,1.5,3.03,0,113.4,54.66,9.85
10.1208/s12249-014-0235-3,lamotrigine,PVA,acetone,12,1,0.2,1.5,2,0,101,52.39,9.48
10.1208/s12249-014-0235-3,lamotrigine,PVA,acetone,12,1,0.13,1.5,4,0,142.6,70.24,8.37
10.1208/s12249-014-0235-3,lamotrigine,PVA,acetone,12,1,0.13,1.5,3.03,0,132.9,66.84,7.99
10.1208/s12249-014-0235-3,lamotrigine,PVA,acetone,12,1,0.13,1.5,2,0,115.7,65.25,7.82
10.1208/s12249-014-0235-3,lamotrigine,PVA,acetone,12,1,0.1,1.5,4,0,154.5,78.8,7.3
10.1208/s12249-014-0235-3,lamotrigine,PVA,acetone,12,1,0.1,1.5,3.03,0,141.6,75.99,7.06
10.1208/s12249-014-0235-3,lamotrigine,PVA,acetone,12,1,0.1,1.5,2,0,125.5,73.26,6.83
10.3109/03639045.2012.684390,tramadol,PVA,acetone,12,1,0.2,0.5,4,0,154.8,60.28,10.76
10.3109/03639045.2012.684390,tramadol,PVA,acetone,12,1,0.2,0.5,3,0,139.5,56.49,10.15
10.3109/03639045.2012.684390,tramadol,PVA,acetone,12,1,0.2,0.5,2,0,124.1,55.06,9.92
10.3109/03639045.2012.684390,tramadol,PVA,acetone,12,1,0.133,0.5,4,0,169.9,69.91,8.53
10.3109/03639045.2012.684390,tramadol,PVA,acetone,12,1,0.133,0.5,3,0,159.1,68.36,8.35
10.3109/03639045.2012.684390,tramadol,PVA,acetone,12,1,0.133,0.5,2,0,140.5,64.97,7.97
10.3109/03639045.2012.684390,tramadol,PVA,acetone,12,1,0.1,0.5,4,0,185.3,78.35,7.27
10.3109/03639045.2012.684390,tramadol,PVA,acetone,12,1,0.1,0.5,3,0,167.6,76.86,7.14
10.3109/03639045.2012.684390,tramadol,PVA,acetone,12,1,0.1,0.5,2,0,155.1,74.4,6.92
10.3109/03639045.2012.684390,tramadol,PVA,acetone,12,1,0.2,1,4,0,143.6,57.96,10.39
10.3109/03639045.2012.684390,tramadol,PVA,acetone,12,1,0.2,1,3,0,128.9,54.45,9.82
10.3109/03639045.2012.684390,tramadol,PVA,acetone,12,1,0.2,1,2,0,114.9,52.83,9.56
10.3109/03639045.2012.684390,tramadol,PVA,acetone,12,1,0.133,1,4,0,156.6,69.16,8.44
10.3109/03639045.2012.684390,tramadol,PVA,acetone,12,1,0.133,1,3,0,144.5,66.15,8.11
10.3109/03639045.2012.684390,tramadol,PVA,acetone,12,1,0.133,1,2,0,129.2,64.52,7.92
10.3109/03639045.2012.684390,tramadol,PVA,acetone,12,1,0.1,1,4,0,170.1,77.9,7.23
10.3109/03639045.2012.684390,tramadol,PVA,acetone,12,1,0.1,1,3,0,157.7,75.74,7.04
10.3109/03639045.2012.684390,tramadol,PVA,acetone,12,1,0.1,1,2,0,141.1,73.57,6.85
10.3109/03639045.2012.684390,tramadol,PVA,acetone,12,1,0.2,1.5,4,0,139.2,54.42,9.82
10.3109/03639045.2012.684390,tramadol,PVA,acetone,12,1,0.2,1.5,3,0,121.9,51.37,9.32
10.3109/03639045.2012.684390,tramadol,PVA,acetone,12,1,0.2,1.5,2,0,108.6,49.23,8.96
10.3109/03639045.2012.684390,tramadol,PVA,acetone,12,1,0.133,1.5,4,0,153.2,66.01,8.09
10.3109/03639045.2012.684390,tramadol,PVA,acetone,12,1,0.133,1.5,3,0,142.8,62.82,7.73
10.3109/03639045.2012.684390,tramadol,PVA,acetone,12,1,0.133,1.5,2,0,124.3,61.32,7.56
10.3109/03639045.2012.684390,tramadol,PVA,acetone,12,1,0.1,1.5,4,0,166,74.05,6.89
10.3109/03639045.2012.684390,tramadol,PVA,acetone,12,1,0.1,1.5,3,0,152.1,71.42,6.67
10.3109/03639045.2012.684390,tramadol,PVA,acetone,12,1,0.1,1.5,2,0,134.9,68.85,6.44
10.1039/c5ra27386b,methylene-blue,none,acetone,12,1,0.025,0,3.33,0,220,3.12,0.52
10.1016/j.ejpb.2004.09.002,xanthone,poloxamer188,acetone,62.5,1,0.01,0.25,1,0,164,33,0.31
10.1016/j.ejpb.2004.09.002,3-methoxyxanthone,poloxamer188,acetone,62.5,1,0.01,0.25,1,0,164,41.5,0.39
10.3390/nano10040720,dexibuprofen,PVA,acetone,31,1,0.056,0.5,2,-2,234.1,93.4,4.93
10.3390/nano10040720,dexibuprofen,polysorbate80,acetone,31,1,0.056,0.3,2,-2,146,87.5,4.64
10.3390/nano10040720,dexibuprofen,poloxamer188,acetone,31,1,0.056,1,2,-2,159.5,85.1,4.51
10.1080/01932691.2011.616128,isoniazid,poloxamer407,acetone,62.5,1,0.706,0.1,4,0,185,10,0.5
10.1038/s41598-017-00696-6,garcinol,TPGS,acetone,18.7,1,0.05,0.03,2,0,90.21,53.43,2.6
10.1038/s41598-017-00696-6,garcinol,TPGS,acetone,18.7,1,0.1,0.03,2,0,88.05,88.32,8.12
10.1038/s41598-017-00696-6,garcinol,TPGS,acetone,18.7,1,0.15,0.03,2,0,95.45,60.61,8.33
10.1111/jphp.12481,acetylpuerarin,polysorbate80,acetone,10,1,0.389,1,4,0,145,90.51,17.07
10.1016/j.ijpharm.2021.120617,paeonol,poloxamer188,acetone,5,1,0.667,0.8,3,0,237.7,86.26,36.51
10.1166/jnn.2006.401,tretinoin,none,acetone,31,1,0.125,0,2.86,0,220,98.8,11
10.3109/02652048.2016.1156175,tetrandrine,PVA,acetone,31,1,0.03,2,4,0,177,63.72,1.88
10.1016/j.jddst.2020.102145,cefpodoxime-proxetil,poloxamer188,acetone,45,1,0.1,0.5,3.33,0,209.53,40,3.85
10.1016/j.jddst.2020.102145,cefpodoxime-proxetil,poloxamer188,acetone,45,1,0.05,0.5,3.33,0,189.4,30,1.48
10.1016/S0168-3659(02)00212-2,paclitaxel,poloxamer188,acetone,6,1,0.01,0.25,2,0,122,82.73,0.82
10.1016/S0168-3659(02)00212-2,paclitaxel,poloxamer188,acetone,14.5,1,0.01,0.25,2,0,133,81.82,0.81
10.1016/S0168-3659(02)00212-2,paclitaxel,poloxamer188,acetone,63.6,3,0.01,0.25,2,0,160,81.82,0.81
PMC4694531,capecitabine,PVA,acetone,31,1,0.2,1,3,0,144.5,88.4,16.98
10.1016/j.colsurfb.2009.03.028,flurbiprofen,poloxamer188,acetone,29.19,3,0.417,1,2,-2,240,76.37,24.14
10.1016/j.colsurfb.2009.03.028,flurbiprofen,poloxamer188,acetone,29.19,3,0.417,1,2,-2,205.3,97.75,28.94
10.1016/j.colsurfb.2009.03.028,flurbiprofen,poloxamer188,acetone,29.19,3,0.417,2,2,-2,236,77.36,24.38
10.1016/j.colsurfb.2009.03.028,flurbiprofen,poloxamer188,acetone,29.19,3,0.417,2,2,-2,186,87.11,26.63
10.1016/j.colsurfb.2009.03.028,flurbiprofen,poloxamer188,acetone,29.19,3,0.417,1,2,-1,182,52.68,18
10.1016/j.colsurfb.2009.03.028,flurbiprofen,poloxamer188,acetone,29.19,3,0.417,1,2,-1,203.3,77.75,24.47
10.1016/j.colsurfb.2009.03.028,flurbiprofen,poloxamer188,acetone,29.19,3,0.417,2,2,-1,183,59.54,19.88
10.1016/j.colsurfb.2009.03.028,flurbiprofen,poloxamer188,acetone,29.19,3,0.417,2,2,-1,175.7,74.38,23.66
10.1016/j.colsurfb.2009.03.028,flurbiprofen,poloxamer188,acetone,29.19,3,0.417,1.5,2,-1,179.3,85.18,26.19
10.1016/j.colsurfb.2009.03.028,flurbiprofen,poloxamer188,acetone,29.19,3,0.417,1.5,2,-1,203.3,38.46,13.81
10.1016/j.colsurfb.2009.03.028,flurbiprofen,poloxamer188,acetone,29.19,3,0.417,2.34,2,-1,166,66.69,21.75
10.1016/j.colsurfb.2009.03.028,flurbiprofen,poloxamer188,acetone,29.19,3,0.417,0.66,2,-1,183,63.76,20.99
10.1016/j.colsurfb.2009.03.028,flurbiprofen,poloxamer188,acetone,29.19,3,0.417,1.5,2,0,185,65.34,21.4
10.1016/j.colsurfb.2009.03.028,flurbiprofen,poloxamer188,acetone,29.19,3,0.417,1.5,2,-2,201.7,82.52,25.59
10.1016/j.colsurfb.2009.03.028,flurbiprofen,poloxamer188,acetone,29.19,3,0.417,1.5,2,-1,182.3,68.22,22.13
10.1016/j.colsurfb.2009.03.028,flurbiprofen,poloxamer188,acetone,29.19,3,0.417,1.5,2,-1,179,64.94,21.3
10.1016/j.colsurfb.2009.03.028,flurbiprofen,poloxamer188,acetone,95.5,3,0.417,1,2,-2,232.8,94.6,28.27
10.1007/s10965-020-02092-7,curcumin,PVA,acetone,236.37,1,0.056,1,2,0,214,48.15,2.65
10.1007/s10965-020-02092-7,niclosamide,PVA,acetone,236.37,1,0.056,1,2,0,215.6,70.23,4.31
10.1002/jps.24101,pranoprofen,PVA,acetone,29.19,3,0.059,1,2,-2,566.5,87.69,4.91
10.1002/jps.24101,pranoprofen,PVA,acetone,29.19,3,0.176,1,2,-2,597.6,90.26,13.74
10.1002/jps.24101,pranoprofen,PVA,acetone,29.19,3,0.059,2,2,-2,605,82.57,4.63
10.1002/jps.24101,pranoprofen,PVA,acetone,29.19,3,0.176,2,2,-2,611.2,90.85,13.82
10.1002/jps.24101,pranoprofen,PVA,acetone,29.19,3,0.053,1,2,-2,539,85.14,4.29
10.1002/jps.24101,pranoprofen,PVA,acetone,29.19,3,0.158,1,2,-2,532.1,89.29,12.36
10.1002/jps.24101,pranoprofen,PVA,acetone,29.19,3,0.053,2,2,-2,784.3,89.93,4.52
10.1002/jps.24101,pranoprofen,PVA,acetone,29.19,3,0.158,2,2,-2,641.5,89.01,12.32
10.1002/jps.24101,pranoprofen,PVA,acetone,29.19,3,0.158,2,2,-1,348.3,66.5,9.5
10.1002/jps.24101,pranoprofen,PVA,acetone,29.19,3,0.053,2,2,-1,280.1,49.79,2.55
10.1002/jps.24101,pranoprofen,PVA,acetone,29.19,3,0.158,1,2,-1,324.3,80.02,11.22
10.1002/jps.24101,pranoprofen,PVA,acetone,29.19,3,0.053,1,2,-1,265.4,62.05,3.16
10.1002/jps.24101,pranoprofen,PVA,acetone,29.19,3,0.176,2,2,-1,408.9,45.54,7.44
10.1002/jps.24101,pranoprofen,PVA,acetone,29.19,3,0.059,2,2,-1,318.4,39.79,2.29
10.1002/jps.24101,pranoprofen,PVA,acetone,29.19,3,0.176,1,2,-1,327.6,69.51,10.93
10.1002/jps.24101,pranoprofen,PVA,acetone,29.19,3,0.059,1,2,-1,269.9,72.74,4.1
10.1002/jps.24101,pranoprofen,PVA,acetone,29.19,3,0.222,1.5,2,-1,433.9,77.23,14.65
10.1002/jps.24101,pranoprofen,PVA,acetone,29.19,3,0.125,1.5,2,-1,326.7,0,0
10.1002/jps.24101,pranoprofen,PVA,acetone,29.19,3,0.111,2.5,2,-1,368.2,80.29,8.19
10.1002/jps.24101,pranoprofen,PVA,acetone,29.19,3,0.111,0.5,2,-1,343.8,80.34,8.2
10.1002/jps.24101,pranoprofen,PVA,acetone,29.19,3,0.1,1.5,2,-1,421,77.15,7.16
10.1002/jps.24101,pranoprofen,PVA,acetone,29.19,3,0.125,1.5,2,-1,340.4,68.48,7.89
10.1002/jps.24101,pranoprofen,PVA,acetone,29.19,3,0.111,1.5,2,0,321.4,58.7,6.12
10.1002/jps.24101,pranoprofen,PVA,acetone,29.19,3,0.111,1.5,2,-2,611.8,86.39,8.76
10.1002/jps.24101,pranoprofen,PVA,acetone,29.19,3,0.111,1.5,2,-1,354.6,62.01,6.45
10.1002/jps.24101,pranoprofen,PVA,acetone,29.19,3,0.111,1.5,2,-1,357.8,62.09,6.45
10.1021/acsami.8b12214,efavirenz,poloxamer407,acetone,1.22,1,0.05,1,20,0,217,85.9,4.3
10.3109/02652048.2013.808280,anastrozole,poloxamer188,acetone,1.22,1,0.1,0.25,2,0,136.25,41.21,3.96
10.3109/02652048.2013.808280,anastrozole,poloxamer188,acetone,1.22,1,0.1,0.5,2,0,145.2,37.61,3.62
10.3109/02652048.2013.808280,anastrozole,poloxamer188,acetone,1.22,1,0.1,0.75,2,0,153.3,39.55,3.8
10.3109/02652048.2013.808280,anastrozole,poloxamer188,acetone,1.22,1,0.1,0.25,2,0,139.45,50.53,4.81
10.3109/02652048.2013.808280,anastrozole,poloxamer188,acetone,1.22,1,0.1,0.5,2,0,154.65,45.99,4.4
10.3109/02652048.2013.808280,anastrozole,poloxamer188,acetone,1.22,1,0.1,0.75,2,0,158.05,47.87,4.57
10.3109/02652048.2013.808280,anastrozole,poloxamer188,acetone,1.22,1,0.1,0.25,2,0,158.7,56.75,5.37
10.3109/02652048.2013.808280,anastrozole,poloxamer188,acetone,1.22,1,0.1,0.5,2,0,161.65,53.26,5.06
10.3109/02652048.2013.808280,anastrozole,poloxamer188,acetone,1.22,1,0.1,0.75,2,0,174.9,57.38,5.43
10.3109/02652048.2013.808280,anastrozole,poloxamer188,acetone,1.22,1,0.067,0.25,2,0,117.8,43.29,2.81
10.3109/02652048.2013.808280,anastrozole,poloxamer188,acetone,1.22,1,0.067,0.5,2,0,129.2,44.66,2.89
10.3109/02652048.2013.808280,anastrozole,poloxamer188,acetone,1.22,1,0.067,0.75,2,0,131.4,42.42,2.75
10.3109/02652048.2013.808280,anastrozole,poloxamer188,acetone,1.22,1,0.067,0.25,2,0,127,54.82,3.53
10.3109/02652048.2013.808280,anastrozole,poloxamer188,acetone,1.22,1,0.067,0.5,2,0,140.65,48.66,3.14
10.3109/02652048.2013.808280,anastrozole,poloxamer188,acetone,1.22,1,0.067,0.75,2,0,152.65,52.66,3.39
10.3109/02652048.2013.808280,anastrozole,poloxamer188,acetone,1.22,1,0.067,0.25,2,0,141.4,58.52,3.75
10.3109/02652048.2013.808280,anastrozole,poloxamer188,acetone,1.22,1,0.067,0.5,2,0,156.3,55.04,3.54
10.3109/02652048.2013.808280,anastrozole,poloxamer188,acetone,1.22,1,0.067,0.75,2,0,161.2,57.14,3.67
10.3109/02652048.2013.808280,anastrozole,poloxamer188,acetone,1.22,1,0.05,0.25,2,0,143.66,36.66,1.8
10.3109/02652048.2013.808280,anastrozole,poloxamer188,acetone,1.22,1,0.05,0.5,2,0,149.43,43.18,2.11
10.3109/02652048.2013.808280,anastrozole,poloxamer188,acetone,1.22,1,0.05,0.75,2,0,163.35,39.11,1.92
10.3109/02652048.2013.808280,anastrozole,poloxamer188,acetone,1.22,1,0.05,0.25,2,0,136.4,49.03,2.39
10.3109/02652048.2013.808280,anastrozole,poloxamer188,acetone,1.22,1,0.05,0.5,2,0,151.25,52.53,2.56
10.3109/02652048.2013.808280,anastrozole,poloxamer188,acetone,1.22,1,0.05,0.75,2,0,166.3,46.35,2.27
10.3109/02652048.2013.808280,anastrozole,poloxamer188,acetone,1.22,1,0.05,0.25,2,0,153.26,61.65,2.99
10.3109/02652048.2013.808280,anastrozole,poloxamer188,acetone,1.22,1,0.05,0.5,2,0,165.96,59.7,2.9
10.3109/02652048.2013.808280,anastrozole,poloxamer188,acetone,1.22,1,0.05,0.75,2,0,180.15,54.32,2.64
10.1021/acsomega.0c00111,mometasone-furoate,SolutolHS-15,acetone,108.95,1,0.333,0.1,2,0,117,90,22.4
10.1016/S0168-3659(98)00116-3,procaine_hydrochloride,none,acetonitrile,10,1,0.01,0,3,-1,164,14.5,0.2
10.1016/S0168-3659(98)00116-3,procaine_hydrochloride,none,acetonitrile,10,1,0.02,0,3,-1,184.1,11,0.3
10.1016/S0168-3659(98)00116-3,procaine_hydrochloride,none,acetonitrile,10,1,0.04,0,3,-1,198,8.9,0.6
10.1016/S0168-3659(98)00116-3,procaine_hydrochloride,none,acetonitrile,10,1,0.06,0,3,-1,203.6,7.6,1.5
10.1016/S0168-3659(98)00116-3,procaine_hydrochloride,none,acetonitrile,10,1,0.1,0,3,-1,209.5,6.3,4.6
10.1016/S0168-3659(98)00116-3,procaine_hydrochloride,none,acetonitrile,10,1,0.01,0,3,1,129.1,62,0.7
10.1016/S0168-3659(98)00116-3,procaine_hydrochloride,none,acetonitrile,10,1,0.02,0,3,1,146,58.2,1.3
10.1016/S0168-3659(98)00116-3,procaine_hydrochloride,none,acetonitrile,10,1,0.04,0,3,1,158.9,44.7,2
10.1016/S0168-3659(98)00116-3,procaine_hydrochloride,none,acetonitrile,10,1,0.06,0,3,1,161.8,37.7,2.6
10.1016/S0168-3659(98)00116-3,procaine_hydrochloride,none,acetonitrile,10,1,0.1,0,3,1,186.5,28.3,3.2
10.1016/S0168-3659(98)00116-3,procaine_dihydrate,none,acetonitrile,10,1,0.01,0,3,-1,148.3,36.2,0.4
10.1016/S0168-3659(98)00116-3,procaine_dihydrate,none,acetonitrile,10,1,0.02,0,3,-1,135,41.4,0.9
10.1016/S0168-3659(98)00116-3,procaine_dihydrate,none,acetonitrile,10,1,0.04,0,3,-1,81.8,44.1,2.1
10.1016/S0168-3659(98)00116-3,procaine_dihydrate,none,acetonitrile,10,1,0.06,0,3,-1,56.2,39,2.8
10.1016/S0168-3659(98)00116-3,procaine_dihydrate,none,acetonitrile,10,1,0.1,0,3,-1,20.2,34.8,4.1
10.1016/j.colsurfb.2014.07.030,paclitaxel,PVA,acetone,51.68,1,0.04,1,20,0,103.7,52.5,2.1
10.1007/s11095-010-0142-6,levofloxacin,poloxamer188,acetone,44.49,1,0.08,0.1,2,0,80,15,0.65
10.2147/IJN.S77498,oxcarbazepine,none,acetone,1.33,1,0.05,0,5,0,148.3,69.79,3.37
10.2147/IJN.S77498,oxcarbazepine,TPGS,acetone,1.33,1,0.05,0.03,5,0,160.2,72.13,3.48
10.1007/s10439-019-02430-x,kartogenin,PVA,acetonitrile,15.1,1,0.1,0.2,10,0,166.63,62,4.67
10.1016/j.jsps.2021.07.001,cisplatin,sodium-cholate,DMSO,31,1,0.1,1,10,0,175.1,45.13,5.38
10.1088/1361-6528/abd0b5,rivaroxaban,poloxamer188,acetone,46,1,0.035,0.5,3,0,205.5,91.35,3.72
10.1139/cjpp-2017-0795,dexamethasone,none,acetone,19,1,0.2,0,2,1,217.5,34.57,6.47